发布日期,平台,标题,标签,一句话描述,推荐度,推荐标签,判断理由,链接,用户备注
2026-06-06,PC,杀手精神病兔子在太空新星拓荒,科幻；弹幕射击；Roguelite；基地建设；RTS,在异星战场上融合弹幕肉鸽射击与基地建设即时战略，高速走位割草并建造防御网。,1,非常不推荐,核心是弹幕射击和高速动作战斗，不符合你的偏好。,https://www.gamer520.com/114951.html,
2026-06-06,PC,吾皇万岁,皇帝模拟；治理；策略；多结局；家族,穿越为古代新君治理国家、纳妃育嗣、选贤任能、征战四方，代代传承打造盛世王朝。,3,可试,皇帝治理模拟、NPC家族关系和政策决策系统有研究价值；但偏向策略管理和长线运营。,https://www.gamer520.com/114949.html,
2026-06-06,PC,灰烬王国 陨落纪元 Kingdom of Ashes,Roguelike；卡牌构筑；元素连锁；策略,单人Roguelike卡组构建游戏，抽取卡牌连锁元素共鸣穿越程序化地图挑战八位英雄的飞升之途。,1,非常不推荐,核心是传统Roguelike卡牌构筑和回合战斗，属于你通常兴趣较低的类型。,https://www.gamer520.com/114946.html,
2026-06-06,PC,山河小侠,武侠；回合制RPG；开放世界；多结局；群侠,扮演无名侠客在开放武侠世界中修炼武功、结交挚友、参与国家大事，在回合对决中铸就江湖传奇。,2,不推荐,有剧情和关系系统但核心是回合制战斗和武学修炼循环，战斗占比偏高。,https://www.gamer520.com/114943.html,
2026-06-06,PC,哥特王朝 重制版 Gothic Remake,动作RPG；开放世界；重制版；奇幻；探索,重返采矿之谷的传奇开放世界RPG重制版，探索动态世界并与三大派系结盟决定命运。,1,非常不推荐,核心是动作RPG战斗和高强度操作挑战，战斗和探索比重极高不符合你的偏好。,https://www.gamer520.com/114933.html,
2026-06-06,PC,梦幻魔法公主,美少女养成；模拟；多结局；二次元,扮演父亲将女儿养大至魔导学园毕业的170+互动事件和50+多结局美少女养成游戏。,1,非常不推荐,核心卖点是二次元美少女养成和角色互动，与已排除的二次元过度卖点高度重合。,https://www.gamer520.com/112551.html,
2026-06-06,PC,生化危机9 安魂曲 Resident Evil 9 Requiem,生存恐怖；第三人称射击；里昂；解谜,与里昂和FBI分析员葛蕾斯在拉昆市展开双角色生存恐怖冒险，战斗解谜并管理有限资源。,1,非常不推荐,核心是生存恐怖射击战斗和资源管理，且有FPS选项与晕3D完全不玩的立场冲突。,https://www.gamer520.com/109515.html,
2026-06-06,PC,仁王 3 Nioh 3,动作RPG；类魂；战国；武士；忍者,在黑暗战国世界中自由切换武士与忍者战斗风格，在高强度动作挑战中对抗妖怪。,1,非常不推荐,核心是高强度类魂动作战斗和操作挑战，不符合你的偏好。,https://www.gamer520.com/106845.html,
2026-06-06,PC,学生时代,校园养成；90年代；叙事驱动；多结局；MBTI,在南方小城经历纯正中国千禧代成长之路，自选性别结识同学谈一场青春恋爱，抉择决定未来。,3,可试,校园生活叙事驱动、90年代中国青春氛围和MBTI人格运用有参考价值；但偏养成模拟日常。,https://www.gamer520.com/92448.html,
2026-06-06,PC,深渊之印 Mark of the Deep,动作冒险；海盗；类魂；探索；多结局,扮演海盗菜鸟刘琦在受诅咒岛屿上探索并拯救失踪船员，面对魂系战斗挑战和多结局抉择。,1,非常不推荐,核心是魂系动作战斗和操作挑战，不符合你的偏好。,https://www.gamer520.com/87774.html,
2026-06-06,PC,暗黑破坏神2 狱火重生 重制炼狱版 Diablo II Resurrected Infernal Forge,动作RPG；砍杀；刷装备；MOD；联机,经典ARPG重制版含毁灭之王及术士君临MOD扩展，8大职业200+技能联机刷装。,1,非常不推荐,核心是ARPG刷装砍杀和数值成长循环，与你明确不喜欢的元素高度重合。,https://www.gamer520.com/22679.html,
2026-06-05,PC,魔女 终末旅途,卡牌构筑；类Rogue；日系角色扮演；多人合作,组建魔女小队在卡牌构筑Roguelite战斗中自定义卡牌和命运，为世界送上终焉之旅。,1,非常不推荐,核心是卡牌构筑Roguelite和重复刷局，属于你通常兴趣较低的类型。,https://www.gamer520.com/114890.html,
2026-06-05,PC,再见犹丽狄茜,视觉小说；恋爱模拟；校园青春；音乐；GalGame,高三艺考生李莫在低谷期遇到自称犹丽狄茜的古怪少女，体验校园青春恋爱故事。,1,非常不推荐,属于校园恋爱GalGame，二次元恋爱卖点不符合你的偏好。,https://www.gamer520.com/114888.html,
2026-06-05,Switch,世界大战 诺曼底登陆 1944 World War D-Day 1944,第一人称射击；二战；战争；单人战役,在诺曼底登陆战中体验第一人称射击战斗，从海滩两栖攻击到空降作战。,1,非常不推荐,明确为第一人称射击游戏，与晕3D完全不玩的立场冲突。,https://www.gamer520.com/114881.html,
2026-06-05,Switch,消失的列车 The Vanishing Train,心理恐怖；第一人称；火车模拟；日本；多结局,担任日本本地线路火车售票员，在神秘事件中体验第一人称心理恐怖故事。,1,非常不推荐,第一人称恐怖游戏，心理恐怖和火车司机模拟不贴合你的偏好。,https://www.gamer520.com/114879.html,
2026-06-05,PC,房产达人 重制版合集 House Flipper Remastered Collection,模拟；装修；建造；经营；重制合集,成为装修达人，翻新破败房产、完成客户订单并打造梦想居所的重制版合集。,1,非常不推荐,核心是模拟装修流程操作，缺少叙事和策略取舍。,https://www.gamer520.com/114830.html,
2026-06-05,PC,"战锤 40,000 机师2 Warhammer 40,000 Mechanicus II",回合制战术；策略管理；战锤40K；科幻；战役,指挥机械修会或太空死灵阵营，在快节奏回合制战术战斗和战略管理中争夺世界的控制权。,2,不推荐,有战锤世界观和战略管理要素，但核心是回合制战术战斗，玩法偏策略对抗。,https://www.gamer520.com/114033.html,
2026-06-05,PC,王国历史 三国志,策略；大战略；三国；即时战略；历史,以三国为背景的半即时战略游戏，割据一方、扩张领土并统一天下。,1,非常不推荐,核心是即时战略战斗和势力扩张，属于你明确不喜欢的类型。,https://www.gamer520.com/113500.html,
2026-06-05,Switch,终末机兵 NITRO GEN OMEGA,沙盒战术；回合制RPG；机甲；废土；队员培养,指挥雇佣兵小队驾驶机甲穿越废土，在时序回合制战斗中编排电影式战斗，培养队员情谊。,2,不推荐,有队员培养和世界探索，但核心是回合制战术战斗。,https://www.gamer520.com/113434.html,
2026-06-05,PC,星砂岛,田园生活；海岛；经营；探索；休闲,在星砂岛上回归田园生活，种植、养殖、建造家园、结识岛民并探索岛屿秘密。,3,可试,田园生活、经营建造和岛民关系有生活气息，但偏模拟经营日常。,https://www.gamer520.com/108595.html,
2026-06-05,PC,龙胤立志传,武侠；开放世界；门派经营；RPG；战斗,在神州大地自由探索、修炼武功、经营门派并攻城略地，谱写武林传奇。,1,非常不推荐,核心是武侠开放世界战斗和门派经营，不符合你的偏好。,https://www.gamer520.com/104670.html,
2026-06-05,PC,受折磨的灵魂2 Tormented Souls 2,生存恐怖；解谜；固定视角；女主人公；邪教,卡洛琳前往智利深山诊所解救妹妹，在固定视角生存恐怖中解谜、战斗并穿梭现实与彼界。,2,不推荐,有解谜和恐怖氛围，但核心是生存恐怖战斗和惊吓体验。,https://www.gamer520.com/101195.html,
2026-06-05,Switch,折言 And Roger,互动声画读物；心理恐怖；短篇叙事；认知畸变,少女醒来后发现父亲失踪，陌生男子逼迫她服药，玩家通过角色视点体验认知畸变的短篇互动故事。,3,可试,叙事驱动、短篇互动声画形式新颖，气氛营造有辨识度。,https://www.gamer520.com/96731.html,
2026-06-05,PC,深空七号 Deep Space 7,第三人称射击；恐怖；解谜；太空站；生存,在太空站中面对恐怖怪物，克服补给不足并解谜逃生。,1,非常不推荐,核心是第三人称射击和恐怖生存战斗，不符合你的偏好。,https://www.gamer520.com/92047.html,
2026-06-05,PC,刀剑神域 碎梦边境 SWORD ART ONLINE Fractured Daydream,动作；多人共斗；动漫改编；JRPG；联机,桐人与系列21名角色穿越记忆联手，在最多20人联机的动作共斗中迎战强敌。,1,非常不推荐,核心是在线动作共斗战斗，不符合你的偏好。,https://www.gamer520.com/82628.html,
2026-06-05,PC,电竞教父,电竞管理；MOBA；卡牌；经营模拟；策略,扮演电竞教练组建战队，通过BP博弈、卡牌指挥和选手培养争夺冠军。,2,不推荐,有管理策略要素，但核心是电竞经营模拟和卡牌对战，偏离你的叙事偏好。,https://www.gamer520.com/77165.html,
2026-06-05,Switch,迪士尼梦幻星谷 Disney Dreamlight Valley,生活模拟；冒险；迪士尼；社区建设；任务,在充满迪士尼魔法的世界中探索剧情，与英雄和反派一起打造社区。,2,不推荐,生活模拟有氛围，但核心是迪士尼IP社区建设和任务，偏向收集和装饰。,https://www.gamer520.com/41011.html,
2026-06-05,PC,征服之歌 Songs of Conquest,回合策略；90年代经典；四大阵营；探索；城镇建设,领导行使者魔法师探索未知土地，管理城镇、研发科技并在回合制战斗中征服世界。,2,不推荐,有城镇管理和探索要素，但核心是回合制策略战斗，类型偏传统。,https://www.gamer520.com/31091.html,
2026-06-05,PC,十字军之王3 Crusader Kings III,大战略；中世纪；王朝管理；角色扮演；战争,在中世纪沙盒中引领贵族家族，通过联姻、计谋和战争扩张势力，决定王朝的命运。,2,不推荐,有角色扮演和人物关系，但核心是大战略战争和宏观管理，叙事牵引较弱。,https://www.gamer520.com/12487.html,
2026-06-04,PC,血色西部,潜行；第一人称射击；克苏鲁；西部；开放世界,西部荒野中融合克苏鲁恐怖元素的第一人称潜行射击游戏,1,非常不推荐,明确为第一人称射击游戏，与晕3D完全不玩的立场冲突,https://www.gamer520.com/114825.html,
2026-06-04,PC,Remorses,恐怖；巫术；解谜；生存；潜行,1991年调查韦斯特布鲁克宅邸巫术传闻的慢节奏恐怖解谜游戏,3,可试,慢节奏恐怖解谜叙事体验，气氛营造和谜题设计有参考价值,https://www.gamer520.com/114820.html,
2026-06-04,PC,难忘的爱 Unforgettable Love,模拟；恋爱模拟；生活模拟；沉浸式模拟；全动态影像,失忆主角在五位女性陪伴下通过对话与策略成长拼凑过去的沉浸式恋爱模拟游戏,1,非常不推荐,属于《完蛋！我被美女包围了！》式国产真人恋爱模拟影游，主要卖点是美女暧昧互动而非实质叙事，已明确排除,https://www.gamer520.com/114818.html,
2026-06-04,PC,自动梭哈 Slots & Diapers,自动博弈；老虎机；放置；概率,自动拉老虎机的放置博弈游戏，通过概率和升级获得收益。,1,非常不推荐,核心是自动概率博弈和数值成长，与你明确不喜欢的元素高度重合。,https://www.gamer520.com/114786.html,
2026-06-04,PC,孤胆少女,俯视角射击；丧尸；生存；血腥；动作,在末世军事基地中扮演孤胆少女，用各种枪械对抗蜂拥而来的异形和畸变怪物。,1,非常不推荐,核心是俯视角射击和丧尸潮动作战斗，与你明确不喜欢的元素高度重合。,https://www.gamer520.com/114784.html,
2026-06-04,PC,欧皇VS非酋,抽卡；概率；运气；策略；休闲,在欧皇与非酋的对决中依靠抽卡运气和策略博弈取胜。,1,非常不推荐,核心是概率抽卡和运气博弈，缺乏叙事和实质策略，不符合你的偏好。,https://www.gamer520.com/114782.html,
2026-06-04,PC,疯狂前哨,生存；塔防；基地建设；防御,在疯狂的世界中建设前哨据点，通过防御工事和资源管理抵御敌人进攻。,1,非常不推荐,核心是生存塔防和基地防御，不符合你的偏好。,https://www.gamer520.com/114779.html,
2026-06-04,PC/Switch,热血西游记 天竺奇谭,动作Rogue；热血系列；西游记；像素；喜剧,扮演国夫版孙悟空、猪八戒等角色，在Roguelite关卡中随机获得妙法强化技能，一路战斗前往天竺的热血喜剧动作冒险。,1,非常不推荐,核心是动作Rogue战斗和清版闯关，与你明确不喜欢的元素高度重合。,https://www.gamer520.com/114748.html,
2026-06-04,PC,醉意江湖 武松,武侠；动作；水浒；打斗；江湖,扮演武松在水浒世界中闯荡江湖，通过战斗和选择推进故事。,1,非常不推荐,核心是武侠动作战斗，不符合你的偏好。,https://www.gamer520.com/112905.html,
2026-06-04,PC,妖谈2 九尾异闻,塔防；即时战术；中度Rogue；解谜；中日神话,在六边形地图上战略部署单位守护领地，探索中日神话融合的世界，收集神明赐福强化队伍。,1,非常不推荐,核心是塔防和即时战术战斗，虽然有神话故事包装但玩法完全脱离你的偏好。,https://www.gamer520.com/112455.html,
2026-06-04,Switch,黑暗拍卖 Dark Auction,推理冒险；神秘拍卖；解谜；叙事驱动；悬疑,主角诺亚参加古堡中的神秘拍卖会，与参与者共同解开拍卖品之谜，同时发掘父亲隐藏的巨大秘密。正统推理冒险游戏。,4,推荐,正统推理冒险、拍卖会谜团、古堡悬疑氛围、叙事驱动，高度贴合你的推理和叙事偏好。,https://www.gamer520.com/105823.html,否，纯文字叙事，点击冒险，推理
2026-06-04,PC,天朝上国,策略；历史；古代中国；模拟经营；王国管理,扮演古代中国统治者，管理国家内政、军事、外交和文化发展。,2,不推荐,国家经营管理有策略要素，但核心偏向宏观策略模拟，缺乏人物叙事和具体情境。,https://www.gamer520.com/99874.html,
2026-06-04,PC,最终幻想7 重生 FINAL FANTASY VII REBIRTH,JRPG；动作RPG；奇幻；剧情；经典重制,克劳德一行离开米德加后踏入广阔世界，在剧情驱动下探索、战斗并追猎萨菲罗斯的全新旅程。,1,非常不推荐,虽然故事驱动，但核心是动作RPG战斗和操作挑战，不符合你的偏好。,https://www.gamer520.com/89212.html,
2026-06-04,Switch,地心护核者 Core Keeper,沙盒生存；挖矿；基地建设；探索；多人,在地下世界中挖掘资源、建设基地、击败怪物并逐步探索核心秘密的沙盒生存游戏。,2,不推荐,有探索和建设循环，但核心是挖矿生存沙盒，叙事密度有限且偏向长线采集建造。,https://www.gamer520.com/83617.html,
2026-06-04,PC,哈迪斯2 Hades II,动作Roguelike；希腊神话；高速战斗；Build构筑；剧情,扮演冥界公主墨利诺厄，使用多种武器和法术反复挑战冥界，在高速战斗和剧情推进中逐渐揭开时间之神的阴谋。,1,非常不推荐,虽然有剧情叙事，但核心是高速动作Roguelike战斗和Build构筑循环，不符合你的偏好。,https://www.gamer520.com/75506.html,
2026-06-04,PC,流放者柯南 Conan Exiles,生存；建造；开放世界；野蛮人；沙盒,在蛮王柯南的开放世界中生存、建造、征服，从无名流放者成长为一方霸主。,2,不推荐,有世界氛围和建造探索，但核心是生存沙盒和战斗循环，叙事密度有限。,https://www.gamer520.com/69881.html,
2026-06-04,PC,帝国时代2 决定版 Age of Empires II Definitive Edition,RTS；历史；策略；战役；即时战斗,指挥文明从黑暗时代发展到帝王时代，通过资源采集、基地建设和战斗征服对手。,1,非常不推荐,核心是即时战略战斗和资源管理，与你明确不喜欢的类型高度重合。,https://www.gamer520.com/40759.html,
2026-06-03,PC,TBH 塔斯克巴·英雄,放置RPG；像素；挂机；自动战斗；迷你窗口,在屏幕角落运行的迷你放置RPG，像素勇者自动收集道具、战斗成长，在工作间隙体验砍杀乐趣。,1,非常不推荐,核心是放置挂机和自动数值成长，与你明确不喜欢的元素高度重合。,https://www.gamer520.com/114742.html,
2026-06-03,Switch,魔导物语 菲婭与奇妙的学校,JRPG；魔法学校；冒险；战斗；日式,在魔法学校中学习魔法、结交朋友并展开奇幻冒险。,1,非常不推荐,核心是JRPG战斗和日式角色养成，不符合你的偏好。,https://www.gamer520.com/114738.html,
2026-06-03,Switch,波比玩乐时光 第五章 Poppy Playtime Chapter 5,恐怖；解谜；逃亡；第一人称；惊悚,在第一人称恐怖视角下探索废弃玩具工厂，躲避恐怖玩偶追杀并解开谜团。系列第五章。,1,非常不推荐,核心是恐怖逃亡和解谜惊吓，不符合你的偏好。,https://www.gamer520.com/114398.html,
2026-06-03,PC,巴萨卡狂潮,动作；狂战士；战斗；砍杀,扮演狂战士在战场上横冲直撞，以狂乱战斗风格击倒一切敌人。,1,非常不推荐,核心是狂战士动作砍杀，不符合你的偏好。,https://www.gamer520.com/114057.html,
2026-06-03,PC,神探杰克鼠 MOUSE P.I. For Hire,FPS；卡通渲染；侦探；1930年代；黑色电影；复古,扮演私家侦探杰克·佩珀，在1930年代手绘卡通风格的鼠城中，通过快节奏第一人称射击战斗揭开腐败与阴谋的真相。,1,非常不推荐,第一人称射击游戏，晕3D完全不玩。且核心是快节奏射击战斗，与你明确不玩的方向高度重合。,https://www.gamer520.com/111913.html,
2026-06-03,PC,浣熊推币机,街机；推币；休闲；模拟,模拟街机推币机玩法，通过投掷硬币推落奖品和奖励。,1,非常不推荐,核心是街机推币模拟，缺乏叙事和策略，不符合你的偏好。,https://www.gamer520.com/111179.html,
2026-06-03,PC,星际裂变,科幻；动作；太空；战斗,在星际间展开战斗和探索，通过太空作战推进剧情。,1,非常不推荐,核心是太空动作战斗，不符合你的偏好。,https://www.gamer520.com/104792.html,
2026-06-03,PC,今古群侠传,武侠；RPG；战斗；江湖,在广阔的武侠世界中招募群侠、修炼武功、闯荡江湖。,1,非常不推荐,核心是武侠战斗和角色成长，不符合你的偏好。,https://www.gamer520.com/104746.html,
2026-06-03,Switch,鸭鸭侦探 Duck Detective,推理；侦探；轻松；解谜；叙事,扮演倒霉的鸭子侦探，调查案情、审问嫌疑人并运用独特的鸭子式推理揭开谜团。包含两个独立案件。,3,可试,轻松推理侦探游戏，叙事驱动、角色可爱，但体量较小、谜题相对浅显，适合轻量体验。,https://www.gamer520.com/103058.html,已游玩，画面清新明媚，经典的点击-收集线索-推进故事。看到它让我理解了什么是一个好的游戏（florence），florence的游戏结构也是收集-推进，但从不会让人感到模式的重复，它的谜题和动作和游戏情景高度融合，和生活相仿，并产生情感上的感触，它还有一个让人记忆深刻的故事和艺术化的风格。
2026-06-03,Switch,LoveR Kiss 无尽回忆,恋爱；摄影；校园；日式；视觉小说,以校园摄影社团为背景，通过拍摄照片和与女主角互动发展恋爱关系的日式视觉小说。,1,非常不推荐,核心是恋爱互动和二次元卖点，不符合你的偏好。,https://www.gamer520.com/102934.html,
2026-06-03,PC,无用之人 登神长阶,动作；RPG；战斗；阶梯挑战；魂like,扮演无用之人登上漫长阶梯，在战斗中不断成长并获得神灵之力。,1,非常不推荐,核心是动作战斗挑战，不符合你的偏好。,https://www.gamer520.com/102533.html,
2026-06-03,PC,百日战纪 最终防卫学园,ADV；SRPG；小高和刚；打越钢太郎；多结局；叙事驱动；防卫战,小高和刚与打越钢太郎联手打造的ADV+SRPG新作。15名学生被召集至最终防卫学园，必须在100天内抵御侵校生入侵。多重结局由你的选择决定，包含防卫战SRPG和自由探索环节。,4,推荐,小高和刚（弹丸论破）与打越钢太郎（极限脱出）强强联手，叙事驱动、多重结局、选择导向，高度贴合你的口味。,https://www.gamer520.com/91819.html,否，传统战棋
2026-06-03,PC,钢铁之种 Steel Seed,动作；潜行；科幻；战斗,在后末日世界中进行潜行和战斗，探索废墟并揭开灾难背后的真相。,1,非常不推荐,核心是动作潜行战斗，不符合你的偏好。,https://www.gamer520.com/91725.html,
2026-06-03,PC,勇闯死人谷 暗黑之日,丧尸；射击；生存；动作；跑酷,在丧尸末日中狂奔穿梭，通过跑酷和射击在尸潮中生存并寻找安全出路。,1,非常不推荐,核心是丧尸射击和跑酷动作，不符合你的偏好。,https://www.gamer520.com/91135.html,
2026-06-03,Switch,蝙蝠侠 阿卡姆骑士 Batman Arkham Knight,动作；超级英雄；战斗；潜行；开放世界,扮演蝙蝠侠在高谭市打击犯罪，运用格斗技巧和潜行击败哥谭的犯罪势力。,1,非常不推荐,核心是高强度动作格斗和潜行战斗，不符合你的偏好。,https://www.gamer520.com/68691.html,
2026-06-03,Switch,西瓜游戏 合成大西瓜,休闲；益智；物理；堆叠；解压,将水果投入容器中，让相同水果碰撞合成更大的水果，最终合成大西瓜的休闲物理益智游戏。,1,非常不推荐,核心是休闲物理益智，缺乏叙事和策略深度，不符合你的偏好。,https://www.gamer520.com/66897.html,
2026-06-03,PC,僵尸毁灭工程 Project Zomboid,丧尸；生存；沙盒；硬核；资源管理,在丧尸末日的硬核沙盒中求生存，管理饥饿、健康、情绪和资源，面对一场无法获胜的持久战。,2,不推荐,沙盒生存和资源压力有研究价值，但硬核生存循环和缺乏叙事目标偏离你的核心口味。,https://www.gamer520.com/43904.html,
2026-06-03,PC,夜族崛起 V Rising,吸血鬼；生存；建造；开放世界；战斗,扮演苏醒的吸血鬼，建造城堡、狩猎鲜血、征服领地，在开放世界中崛起。,2,不推荐,吸血鬼题材和城堡建设有氛围，但核心是生存建造和开放世界战斗循环，叙事密度有限。,https://www.gamer520.com/32134.html,
2026-06-03,PC,帝国时代 IV Age of Empires IV,RTS；历史；策略；战役；即时战斗,在历史长河中指挥帝国军队，通过资源采集、基地建设和战斗推进从黑暗时代到文艺复兴的文明征程。,1,非常不推荐,核心是即时战略战斗和资源管理，与你明确不喜欢的类型高度重合。,https://www.gamer520.com/23904.html,
2026-06-02,Switch,卡片战斗先导者DD2 Cardfight Vanguard DD2,卡牌对战；TCG；策略；动漫改编,基于人气TCG的卡牌对战游戏，构筑卡组并与其他角色对决。,1,非常不推荐,核心是卡牌对战和构筑，不符合你的偏好。,https://www.gamer520.com/114701.html,
2026-06-02,PC,飞空艇探险物语,冒险；模拟经营；空艇；探索；角色扮演,驾驶飞艇探索天空岛屿、招募船员、执行任务并发展飞艇设施，在冒险中揭开天空尽头的秘密。,2,不推荐,有探索和角色扮演元素，但核心是模拟经营和任务循环，叙事密度可能有限。,https://www.gamer520.com/114677.html,
2026-06-02,PC,眷族,宠物收集；战斗；进化；培养；冒险,捕捉和培养大量宠物进行战斗，通过进化、变异和技能搭配打造独特队伍，探索随机生成的冒险世界。,1,非常不推荐,核心是宠物收集培养和战斗循环，与你明确不喜欢的元素高度重合。,https://www.gamer520.com/114675.html,
2026-06-02,PC,破碎怪谈：恶意关注,恐怖；心理惊悚；解谜；逃亡；叙事,扮演安妮在充满超现实怪物的内心世界中探索记忆、解谜并躲避追杀，揭开她与母亲关系的黑暗真相。,2,不推荐,恐怖氛围和心理叙事有一定牵引力，但核心是逃亡躲藏和解谜，体验偏惊吓。,https://www.gamer520.com/114673.html,
2026-06-02,PC,仙之气,修仙；动作；江湖；战斗；仙侠,在仙侠世界中修炼功法、闯荡江湖、击败强敌以飞升成仙。,1,非常不推荐,核心是修仙动作战斗，属于你明确不喜欢的类型。,https://www.gamer520.com/114086.html,
2026-06-02,PC,潘多拉的玩具盒,上帝模拟；沙盒；文明建设；策略；Roguelite,化身埃庇米修斯在随机生成的像素大陆上创造并引导人类文明发展，从聚落到城邦，抵御异教徒并传播信仰。,2,不推荐,有策略和文明建设的趣味，但核心是上帝模拟沙盒和Roguelite循环，缺乏叙事引导。,https://www.gamer520.com/113814.html,
2026-06-02,PC,佩布尔骑士 Pebble Knight,动作；平台跳跃；冒险；骑士,扮演骑士在像素风格的关卡中跳跃和战斗，克服障碍完成冒险。,1,非常不推荐,核心是动作平台跳跃和战斗，不符合你的偏好。,https://www.gamer520.com/111727.html,
2026-06-02,PC,哀鸿：城破十日记,文字冒险；明末历史；叙事驱动；生存；多结局,"扮演书生方知宥误入""狮驼国""，在群妖屠城的十日内努力求生并找回记忆，解开故人死亡之谜。零创游戏剧情第三作。45万字多结局。",4,推荐,零创游戏继《饿殍》《葬花》后新作，文字叙事驱动、明末历史题材、多结局选择，高度贴合你的口味。,https://www.gamer520.com/111372.html,
2026-06-02,PC,弑神者竞技场,动作；竞技场；战斗；挑战,在竞技场中与各路敌人战斗，通过不断挑战提升实力。,1,非常不推荐,核心是动作战斗和竞技挑战，不符合你的偏好。,https://www.gamer520.com/94600.html,
2026-06-02,PC,巴别塔：混乱的幸存者,生存动作；Roguelite；幸存者类；战斗,在巴别塔的混乱环境中面对一波波敌人，通过升级和Build构筑生存下去。,1,非常不推荐,核心是幸存者类动作生存刷局，与你明确不喜欢的元素高度重合。,https://www.gamer520.com/93085.html,
2026-06-02,PC,汽水侠 Sodaman,动作；平台跳跃；战斗；能量饮料,扮演汽水侠使用能量饮料赋予的超能力战斗和探索。,1,非常不推荐,核心是动作平台战斗，不符合你的偏好。,https://www.gamer520.com/88919.html,
2026-06-02,PC,星之海洋2 STAR OCEAN THE SECOND STORY R,动作RPG；JRPG；重制；战斗；太空奇幻,在太空与奇幻交织的世界中展开经典JRPG冒险，通过实时战斗和角色培养推进剧情。,1,非常不推荐,核心是动作RPG战斗和角色培养，不符合你的叙事偏好。,https://www.gamer520.com/67177.html,
2026-06-01,Switch,忍者龙剑传：西格玛1,动作；忍者；高速战斗；经典重制,扮演忍者隼龙使用各种武器和忍术高速战斗，击败敌人并追寻真相。,1,非常不推荐,核心是高强度动作和操作挑战，与你的口味完全错位。,https://www.gamer520.com/114624.html,
2026-06-01,Switch,奇迹之星 Wander Stars,回合制RPG；动漫；文字组合；太空冒险；收集,扮演武术家林戈通过组合文字释放自定义攻击，在太空冒险中收集地图碎片并寻找失踪的哥哥。,2,不推荐,动漫风格和文字组合系统有一定形式感，但核心是回合制战斗和收集循环。,https://www.gamer520.com/114618.html,
2026-06-01,Switch,魔饮心语 Tavern Talk,酒馆经营；叙事；奇幻；DND；角色互动；调配魔饮,经营阿斯忒里亚大陆的寻路者酒馆，为冒险者调配魔饮、发布任务、倾听故事并揭开威胁世界的秘密。,4,推荐,酒馆经营、人物互动、叙事任务和世界危机都有很强的吸引力，贴近你喜欢的地点经营和故事推进。,https://www.gamer520.com/114616.html,
2026-06-01,PC,墨境,动作Roguelite；水墨；高速战斗；Build构筑,在水墨风格的奇幻世界中反复闯关，通过构筑Build和高速战斗挑战层层关卡。,1,非常不推荐,核心是高速动作和重复刷局，不符合你的偏好。,https://www.gamer520.com/114304.html,
2026-06-01,PC,挂机升级打怪兽,挂机；放置；升级；打怪；数值成长,通过挂机自动战斗和升级，不断挑战更强大的怪物获取更高收益。,1,非常不推荐,核心是挂机放置和数值成长，属于你明确不喜欢的类型。,https://www.gamer520.com/113956.html,
2026-06-01,PC,绝地鸭卫,塔防；策略；可爱风格；防御,扮演鸭子守卫者，通过布置防御和策略搭配抵御敌人进攻。,2,不推荐,有策略元素但核心是塔防防守，叙事和体验核心较弱。,https://www.gamer520.com/113686.html,
2026-06-01,PC,昏迷3：血脉,2D恐怖；逃亡；韩国巫术；解谜；剧情,在阴影笼罩的昏谜世界中扮演三名主角，躲避傀儡追杀、搜集线索、揭开韩国巫术与诅咒的谜团。,3,可试,恐怖氛围、韩国民俗和解谜有叙事牵引；但核心是逃亡躲藏，体验偏惊吓和回避。,https://www.gamer520.com/112709.html,
2026-06-01,PC,OPUS：心相吾山,叙事冒险；摄影；解谜；乡愁；神话；治愈,扮演迷失在亡土的中年摄影师，与失去记忆的女孩一同旅行，透过相机破解谜团并找到回家的路。,5,优先推荐,摄影、叙事、谜团、双人陪伴和乡愁主题都高度贴合你的口味；形式感和氛围极强。,https://www.gamer520.com/111911.html,
2026-06-01,PC,遗物深渊 Relic Abyss,动作Rogue；弹幕射击；洛夫克拉夫特；探索；Build构筑,在深渊吞噬的世界中探索随机生成关卡，收集圣物和技能，用弹幕射击击败异界头目。,1,非常不推荐,核心是动作Rogue弹幕射击和重复刷局，与你明确不喜欢的元素高度重合。,https://www.gamer520.com/111763.html,
2026-06-01,PC,红色沙漠,开放世界；动作冒险；探索；战斗；龙；中世纪,化身灰鬃领袖克里夫，驰骋帕卫尔大陆、探索遗迹与阿比斯领域，在战斗、冒险与选择中拯救世界。,2,不推荐,有探索和世界氛围，但核心是开放世界动作战斗和高强度操作，偏离你的叙事偏好。,https://www.gamer520.com/110658.html,
2026-06-01,PC,万界·飞升成圣,修仙；放置；飞升；万界；境界突破,穿越万界通过修炼和战斗突破境界，最终飞升成圣。,1,非常不推荐,核心是泛修仙放置和数值成长，与你明确不喜欢的元素高度重合。,https://www.gamer520.com/110245.html,
2026-06-01,Switch,超时空方舟 Chrono Ark,卡牌构筑；Roguelike；组队RPG；策略,组建最多4人队伍，通过卡牌构筑和角色配合探索扭曲之地，收集时空之影拯救世界。,2,不推荐,有组队策略但核心是卡牌构筑和Roguelike循环，属于你通常兴趣较低的类型。,https://www.gamer520.com/105829.html,
2026-06-01,PC,蜀仙传·挂至飞升,修仙；挂机；放置；门派；飞升,在蜀山世界中通过挂机修炼、门派成长和自动战斗逐步飞升成仙。,1,非常不推荐,核心是泛修仙挂机放置，属于你明确不喜欢的类型。,https://www.gamer520.com/105244.html,
2026-06-01,Switch,普力多 普力兹纳 PRITTO PRISONER,解谜；逃脱；监狱；策略,在监狱环境中通过解谜和策略规划寻找逃脱的方法。,2,不推荐,有解谜元素但题材和叙事方向不明确。,https://www.gamer520.com/105233.html,
2026-06-01,Switch,我是未来：悠闲末日生活 I Am Future,休闲生存；末日；屋顶建设；农耕；钓鱼；探索,在洪水淹没的末世城市屋顶上打造温馨营地，种植烹任、拆解制作、雇佣机器人并揭开灾变谜团。,3,可试,舒适生存、基地建设和末日探索有生活气息；但偏建造和自动化，叙事密度可能有限。,https://www.gamer520.com/105224.html,
2026-06-01,PC,水上乐园模拟器,模拟；经营；水上乐园；建设,经营水上乐园，通过建造设施、管理运营和满足游客需求来扩展业务。,1,不推荐,核心是模拟器经营流程，缺少叙事和人物驱动。,https://www.gamer520.com/103022.html,
2026-06-01,PC,明末：欲火重生,动作RPG；明末；历史奇幻；战斗；剧情,在明末乱世中以崭新视角展开一段动作角色扮演之旅，通过战斗和剧情推进故事。,1,非常不推荐,核心是高强度动作战斗和操作挑战，不符合你的口味。,https://www.gamer520.com/102264.html,
2026-06-01,PC,魔女祇兵 Majogami,动作；魔女；奇幻；战斗；角色扮演,扮演魔女使用魔法和武器在奇幻世界中战斗和冒险。,1,非常不推荐,核心是动作战斗，缺乏叙事和体验核心。,https://www.gamer520.com/102018.html,
2026-06-01,PC,超级幻想王国,沙盒；创造；幻想；建设；探索,在幻想王国中自由建造、探索和创造自己的世界。,2,不推荐,沙盒创造自由度较高，但缺乏叙事核心和体验结构。,https://www.gamer520.com/101278.html,
2026-06-01,Switch,喧哗番长 乙女 2nd Rumble,动作；校园；乙女；打架；日式,扮演女番长在校园中通过战斗和交涉解决问题，展开一段喧哗青春故事。,1,非常不推荐,核心是动作战斗和校园打架，不符合你的偏好。,https://www.gamer520.com/95362.html,
2026-06-01,PC,万象群侠传,武侠；RPG；群侠；江湖；战斗,在广阔的武侠世界中招募群侠、修炼武功、闯荡江湖。,1,非常不推荐,核心是武侠战斗和角色成长，缺乏叙事和体验核心。,https://www.gamer520.com/88181.html,
2026-06-01,Switch,电锯甜心 重制 Lollipop Chainsaw RePOP,动作；僵尸；电锯；二次元；重制,扮演僵尸猎人朱丽叶用电锯砍杀僵尸，在校园与城市间展开一段色彩鲜艳的生存战斗。,1,非常不推荐,核心是动作砍杀和二次元卖点，不符合你的偏好。,https://www.gamer520.com/82001.html,
2026-06-01,PC,堕落之主,类魂；动作RPG；黑暗奇幻；战斗；探索,在黑暗奇幻世界中穿越生死两界的庞大战役，用高强度战斗和策略击败堕落之神。,1,非常不推荐,核心是类魂高强度战斗和操作挑战，与你明确不喜欢的元素高度重合。,https://www.gamer520.com/66068.html,
2026-06-01,PC,装机模拟器2,模拟；装机；电脑维修；经营,经营电脑维修店，通过组装、维修和升级电脑完成客户订单并扩展业务。,1,不推荐,核心是模拟器流程操作，缺少人物、叙事和策略取舍。,https://www.gamer520.com/43259.html,
2026-06-01,PC,喵斯快跑 MUSE DASH,音乐；节奏；跑酷；二次元,跟随音乐节拍击打音符，在跑酷式的轨道上完成节奏挑战。,1,非常不推荐,核心是节奏反应操作挑战，不符合你的偏好。,https://www.gamer520.com/42489.html,
2026-06-01,PC,翼星求生 Icarus,开放世界；生存；建造；探索；合作,在外星星球上采集资源、建造基地、抵御环境威胁并完成勘探任务以求生存。,2,不推荐,有生存管理和探索，但偏重建造和长线生存循环，叙事牵引较弱。,https://www.gamer520.com/25485.html,
2026-05-31,PC,赏金乱斗：头号通缉,动作射击；俯视角；多人合作；拉索；PVP,扮演星际赏金猎人在随机关卡中追捕罪犯，用拉索穿越战场并击杀敌人，最终与队友争夺唯一赏金。,1,非常不推荐,核心是快节奏动作射击和多人对抗，与你明确不喜欢的元素高度重合。,https://www.gamer520.com/114554.html,
2026-05-31,PC,巫毒垂钓 Voodoo Fishin',钓鱼；合作；诡异氛围；沼泽；生存,与朋友一起深入诡异沼泽垂钓，打造木偶钓手寻找稀有鱼类，在越来越诡异的环境中努力活着带回渔获。,2,不推荐,诡异沼泽氛围有辨识度，但核心是联机钓鱼和生存，且需要合作游玩。,https://www.gamer520.com/114550.html,
2026-05-31,PC,007：初露锋芒 007 First Light,间谍；动作冒险；潜行；电影化叙事；起源故事,扮演军情六处新兵詹姆斯·邦德，在风景壮阔的地点执行任务、驾驶经典载具，揭露叛逆特工背后的深层阴谋。,3,可试,有电影化叙事和间谍氛围，但核心玩法仍是动作潜行和射击，操作要求较高。,https://www.gamer520.com/114287.html,
2026-05-31,PC,帝国幻想乡 TOHOTOPIA,4X；回合策略；东方Project；战争；城市建设,领导幻想乡少女组成的帝国在快节奏4X对局中探索、扩张、建设城市并征服对手，制霸幻想乡。,2,不推荐,世界观有特色但核心是4X回合策略战争，且带有明显二次元卖点，不符合你的偏好。,https://www.gamer520.com/113734.html,
2026-05-31,PC,黄金河计划 The Gold River Project,开放世界；生存；露营；探索；建造；实验,受邀参加偏远露营之旅却被遗弃，发现自己被困在一场残酷实验中，必须在荒野中搜寻资源、搭建营地并解开谜团以求生还。,3,可试,荒野生存、资源管理和实验悬疑有一定吸引力；但偏重生存建造，叙事密度可能有限。,https://www.gamer520.com/113344.html,
2026-05-31,PC/Switch,兔兔秘密花园2,恋爱冒险；视觉小说；休闲；互动；店员,"因职场失误陷入迷茫的主人公来到""兔兔秘密花园""，与店员互动交流，在休闲氛围中度过治愈夜晚。",1,非常不推荐,主要卖点是恋爱互动和二次元角色，与你明确不喜欢的元素重合。,https://www.gamer520.com/113240.html,
2026-05-31,PC,农庄牌,卡牌构筑；农场；轻度Rogue；植物；经营,在农场播种培育植物，用卡牌构筑和稻草人被动打出组合效果，同时管理税金与应对自然灾害。,2,不推荐,农场题材有生活气息，但核心是卡牌构筑和轻度Rogue循环，属于你通常不优先的方向。,https://www.gamer520.com/112684.html,
2026-05-31,PC,岚：外传,忍者；回合制战斗；像素美术；冲刺斩击；策略动作,"扮演忍者""岚""接受委托前往日本，在融合冲刺斩击的回合制战斗中击败敌人、夺回被盗的东方遗物。",2,不推荐,有忍者故事线但核心是回合制战斗，正好属于你通常兴趣较低的类型。,https://www.gamer520.com/96148.html,
2026-05-31,PC,像素人生 To Pixelia,生活模拟；开放世界；像素；职业选择；城市生活,在像素风格的点点市中开始新生活，自定义角色、选择职业、购买房产，自由决定成为什么样的人。,3,可试,生活模拟和职业选择有一定生活气息和开放度；但可能缺乏叙事核心，偏向自由模拟器。,https://www.gamer520.com/92282.html,
2026-05-30,Switch,布鲁伊寻找金笔 Bluey's Quest For The Gold Pen,儿童；冒险；探索；解谜；手绘；故事驱动,与布鲁伊一家在九个手绘世界中探索、解谜、乘船骑行，帮助找回被抢走的金笔。,2,不推荐,有故事驱动和探索，但针对儿童受众，内容较浅且缺乏策略纵深。,https://www.gamer520.com/114575.html,
2026-05-30,Switch,流明物语：特雷的回忆 LumenTale Memories,怪物收集；RPG；回合制战斗；冒险；记忆；宠物对战,"扮演特雷在美丽世界踏上冒险之旅，捕捉名为""阿尼莫""的生物并与之战斗，逐渐找回遗失的记忆。",2,不推荐,有故事和收集元素，但核心是回合制怪物对战和收集循环。,https://www.gamer520.com/114571.html,
2026-05-30,PC/Switch,挖掘者米娜 Mina the Hollower,动作冒险；平台跳跃；像素；鞭击；探索；地下世界,扮演挖掘者米娜用鞭子和钻头在地下穿梭战斗，探索黑暗世界并拯救被诅咒的岛屿。,2,不推荐,动作冒险和平台跳跃为核心，玩法偏操作挑战。,https://www.gamer520.com/114538.html,
2026-05-30,PC,冰点之下,FMV；末日生存；寒潮；丧尸；骰子选择；关系,寒潮和丧尸将世界推入末日，一名仓库管理员与三名同伴踏上极寒旅途，在骰子和选择中面对希望与阴谋。,3,可试,有末日旅途、骰子选择和生存压力；但真人影像与角色卖点可能压过更扎实的叙事。,https://www.gamer520.com/114533.html,
2026-05-30,PC,战娘自走棋,自走棋；自动战斗；卡牌；羁绊；角色收集；类Rogue,收集并升级不同战娘，通过阵容摆放、羁绊组合和圣物效果完成一轮轮自动战斗。,1,非常不推荐,核心是自动战斗、角色收集和羁绊数值，且卖点偏二次元角色，不符合你的偏好。,https://www.gamer520.com/114531.html,
2026-05-30,PC,纺织者之咏 Voice of Belldona,牌组构筑；类Rogue；回合制战斗；随机地图；角色养成；多结局,选择不同角色探索随机生成的奇幻地图，通过牌组、资源、养成和回合战斗推进一段多结局冒险。,2,不推荐,有探索和多结局，但玩法重点仍是传统卡牌构筑与回合战斗，较难形成你的兴趣。,https://www.gamer520.com/113922.html,
2026-05-30,PC,极限竞速：地平线6,开放世界竞速；日本；东京；公路旅行；汽车收藏；多人,驾驶数百辆汽车探索东京、郊区、码头和工业区，在日本的道路与汽车文化中参加比赛、收集车辆并建设自己的地产。,2,不推荐,日本道路、东京和旅行感有一定吸引力，但玩法核心仍是竞速驾驶和车辆收集。,https://www.gamer520.com/113322.html,
2026-05-30,PC,星火燎原 SPARK IGNITES,2.5D像素；中世纪；朝圣旅途；伙伴命运；分支选择；回合战术,在王国倾颓、古神滋生的世界中与伙伴踏上朝圣之旅，通过关键抉择和策略战斗决定彼此与世界的归宿。,3,可试,视觉气质、旅途和伙伴抉择值得留意；但传统回合制战斗占比可能较高。,https://www.gamer520.com/112453.html,
2026-05-30,PC,识质存在 PRAGMATA,科幻动作冒险；月球设施；双角色协作；入侵解谜；AI失控,调查员休与机器人女孩戴安娜被困在失控 AI 掌管的月球设施中，需要同时使用射击、移动和入侵能力寻找返回地球的方法。,4,推荐,月球设施、搭档关系和双角色混合玩法有明确体验核心；但动作和操作比重可能偏高。,https://www.gamer520.com/111820.html,
2026-05-30,PC,异变金属 Morbid Metal,动作肉鸽；高速砍杀；连击；角色切换；机器军团；Boss战,在快节奏轻肉鸽战斗中实时切换角色，用高速连击撕裂一波波机器军团并挑战首领。,1,非常不推荐,几乎完全以高速砍杀、连击和重复战斗为核心，与你明确不喜欢的元素高度重合。,https://www.gamer520.com/111563.html,
2026-05-30,Switch,链杖 ChainStaff,动作平台；战斗；手绘美术；外星；摇滚,使用可变形的链杖在外星孢子感染的地球上战斗，营救战友并击败变异怪物。,1,非常不推荐,核心是高强度动作平台跳跃和战斗，与你的口味完全错位。,https://www.gamer520.com/111550.html,
2026-05-30,PC,死亡搁浅2：冥滩之上,旅途冒险；末日世界；递送；探索；连接；资源管理；叙事,山姆和伙伴们穿越异界敌人横行的末日世界，完成一段关于递送、连接与人类存续的新旅程。,5,优先推荐,旅途、探索、具体任务、资源管理、人物关系和主题氛围都高度符合你的口味。,https://www.gamer520.com/110514.html,
2026-05-30,Switch,异形战机：战略 I･II 宇宙 R-TYPE TACTICS I･II COSMOS,回合策略；横向卷轴；射击；战术；科幻,体验R-Type系列的战术回合制与横向卷轴射击融合玩法，指挥部队在多条战役线中战斗。,1,非常不推荐,主要是战术回合战斗和横版射击，与你的口味明显错位。,https://www.gamer520.com/110227.html,
2026-05-30,PC,华夏史诗：战国,战国沙盒；开放世界；势力经营；门客；军队；城池；贸易,从乱世中的普通人起步，招揽门客、训练军队、经营城池和商道，也可以独自游历九州并选择自己的争霸路线。,3,研究可看,势力、贸易、队伍和城池系统有研究价值；但大沙盒、战斗和成长内容可能过重。,https://www.gamer520.com/109979.html,
2026-05-30,PC,杀戮尖塔2,Roguelike；卡牌构筑；爬塔；遗物；策略战斗,在不断变化的高塔中组建卡组、收集遗物和药水，用每一轮构筑应对不同敌人与随机挑战。,2,不推荐,完成度和策略性可能很强，但核心仍是传统 Rogue 卡牌战斗，正好属于你通常缺乏兴趣的方向。,https://www.gamer520.com/109811.html,
2026-05-30,PC,卡牌修仙传,修仙；卡牌管理；探索；法宝；炼丹；种植；成长,扮演失忆修仙者，用卡牌和工作台修炼心法、制作法宝、种植灵药并探索秘境，逐步拼回过往记忆。,2,不推荐,卡牌管理和记忆线有一点形式感，但核心仍是泛修仙成长、材料和战斗循环。,https://www.gamer520.com/109807.html,
2026-05-30,PC,剑星,后末日；动作冒险；砍杀；类魂；Boss战；角色养成,伊芙回到被怪物占据的地球，在文明遗迹中追查世界衰败的真相，并通过高速连招和 Boss 战收复失地。,1,非常不推荐,世界和画面可能有吸引力，但核心乐趣是高速动作、连招和高强度战斗，与你的口味明显错位。,https://www.gamer520.com/109449.html,
2026-05-30,Switch,知只大冒险2 Biped 2,合作；解谜；动作冒险；机器人；多人；平台,操控双足机器人在外星探索未知世界，通过合作解谜、使用滑翔翼和抓钩跨越障碍拯救星球。,2,不推荐,主要依赖合作操作和解谜，非单人叙事体验。,https://www.gamer520.com/101844.html,
2026-05-30,PC,异形：盗贼入侵进化,异形宇宙；动作恐怖；秘密基地；陆战队员；生存,殖民地陆战队员祖拉前往秘密基地调查，在异形入侵中依靠反应、技巧和意志力战斗求生。,2,不推荐,秘密基地和恐怖氛围有一定吸引力，但核心依然是动作、生存和反应挑战。,https://www.gamer520.com/100180.html,
2026-05-30,PC,御炮少女 TurretGirls,动作；炮塔防守；外星怪潮；资源升级；重复战斗；擦边角色卖点,操纵孤身守卫发电机的少女，在外星怪物浪潮中瞄准射击、升级炮塔并为最终武器充能。,1,非常不推荐,主要内容是重复怪潮、射击和数值升级，并带有明显擦边角色卖点，与你明确不喜欢的元素高度重合。,https://www.gamer520.com/99310.html,
2026-05-30,PC,牧场物语：来吧！风之繁华集市,牧场生活；小镇；集市经营；种植；动物；居民关系,在煦风镇经营牧场、照料动物、参加每周集市并结识居民，让逐渐冷清的小镇重新热闹起来。,3,可试,生活气息、小镇居民和集市经营符合口味；但传统牧场日课可能带来重复感。,https://www.gamer520.com/98544.html,
2026-05-30,PC,霓虹深渊2,动作肉鸽；平台射击；多人合作；道具联动；重复刷局,在赛博神话风格的深渊中反复闯关，用不同战斗风格和大量道具联动制造每一局的动作混乱。,1,非常不推荐,视觉风格可能鲜明，但主要体验仍是高强度动作、平台射击和反复刷局。,https://www.gamer520.com/96266.html,
2026-05-30,PC,断箭 Broken Arrow,现代战争；大型RTS；即时战术；军队编成；战役,在波罗的海地区指挥现代联合部队，用大量真实军事单位完成大规模即时战术战役。,1,非常不推荐,有战役叙事，但绝大多数注意力都集中在军事单位、编成和即时战斗上。,https://www.gamer520.com/94558.html,
2026-05-30,PC,东京高赛车 Tokyo Xtreme Racer,夜间东京；首都高；赛车；车辆改装；SP精神值战斗；城市氛围,驾驶改装车辆穿梭于封闭的未来东京高速公路，通过速度、走位和独特的 SP 精神值系统击败风格各异的对手。,2,不推荐,夜间东京、城市高速和 SP 精神值系统有一定辨识度，但核心体验仍是竞速驾驶和操作挑战。,https://www.gamer520.com/87722.html,
2026-05-30,PC,泽丰 ZEPHON,末日4X；城市管理；资源经营；探索；外交；回合战术；分支任务,在外星入侵后的末日地球引导幸存者扩张城市、研究科技、探索废墟并在异变生物和机械势力之间寻找生存道路。,3,研究可看,末日城市、资源、探索和分支任务有参考价值；但4X规模和回合战斗可能过重。,https://www.gamer520.com/84733.html,
2026-05-30,PC,风中行者 Windblown,动作Roguelite；高速冲刺；空中岛屿；武器构筑；多人合作；重复刷局,从漂浮村落出发闯入危险漩涡，在不断变化的空中岛屿中高速冲刺、反复战斗并用陨落战士的记忆重铸武器。,1,非常不推荐,美术和空中岛屿有一定气质，但核心是高速动作、技巧挑战、Build构筑和反复死亡刷局，与你的口味明显错位。,https://www.gamer520.com/83964.html,
2026-05-30,PC,深渊学校,叙事探索；深海学校；怪谈；解谜；躲避怪物；逃脱,普通女学生裕熙在校车上醒来后发现学校已经沉入深海，需要解开追随者布置的谜题、躲避怪物并逃回原来的世界。,4,推荐,深海学校、怪谈氛围、叙事牵引、探索和解谜都贴合你的偏好；操作压力看起来也不会成为唯一核心。,https://www.gamer520.com/79125.html,
2026-05-29,PC,武道残编,武侠放置；门派修炼；奇遇；成长,以门派修炼、江湖奇遇和数值成长为核心的武侠放置RPG。,1,不优先,有江湖奇遇但核心是放置成长和数值循环，与你偏好的主动选择压力较远,https://www.gamer520.com/114476.html,
2026-05-29,PC,星尘轨迹：魔女之愿,像素SRPG；奇幻冒险；回合战术；卡牌,在奇幻旅途中带领伙伴作战，用回合战术和卡牌机制推进一段舞台感较强的冒险故事。,4,推荐,叙事、伙伴成长和策略战斗都比较贴合；题材偏日式奇幻，不是最核心口味,https://www.gamer520.com/114473.html,"否, 回合战斗"
2026-05-29,PC,枪匠模拟器,枪械工坊；拆装；订单经营；模拟,经营枪械工坊，完成拆解、修理、改装和订单交付。,1,不优先,系统可能细，但叙事、人文和探索弱,https://www.gamer520.com/114433.html,
2026-05-29,PC,薛定谔的电话,文字冒险；末日前通话；情绪叙事；绘本,在世界末日前接通一通通电话，倾听他人的遗憾并寻找连接和救赎。,5,强推,短篇叙事、形式感和情绪核心非常贴合你的口味,https://www.gamer520.com/114429.html,"否, 纯叙事"
2026-05-29,PC,西部幽魂,西部；幽灵；冒险；荒野,以西部荒野和幽灵元素为背景展开一段带神秘色彩的冒险。,2,观望,西部边缘秩序题材可看，但类型未必贴叙事探索,https://www.gamer520.com/114427.html,"是, 画面风格独特"
2026-05-29,PC,地心护核者,沙盒生存；挖矿；基地建设；多人,在地下世界挖掘资源、建设基地、击败怪物并逐步探索核心秘密。,3,可试,探索和建设循环扎实，但偏长线采集，不是核心叙事口味,https://www.gamer520.com/114423.html,
2026-05-29,PC,东京股神 STONKS-9800,股市模拟；80年代日本；资产经营；生活,在80年代日本泡沫经济中买卖股票、经营资产并安排商人的日常生活。,4,推荐,经营计算、时代气氛和生活循环都很适合做系统参考,https://www.gamer520.com/114419.html,"否, 股市很无聊"
2026-05-29,PC,盒子面包坊,烘焙店；小店经营；轻模拟,经营一家盒子风格的面包坊，通过制作和销售面包维持小店运转。,3,可试,适合观察小经营循环，但可能过轻,https://www.gamer520.com/114412.html,
2026-05-29,PC,罗马拓荒录,罗马；城市建设；资源经营,在古罗马背景下建设定居点、组织资源生产并扩张城镇。,2,观望,有经营结构，但题材和叙事牵引不算贴合,https://www.gamer520.com/114360.html,
2026-05-29,PC,团队对战经理2,电竞管理；阵容构筑；战术模拟,扮演电竞战队经理，通过选手、阵容和战术安排来赢下赛季。,3,可试,可研究管理循环和阵容决策；叙事与氛围弱,https://www.gamer520.com/114271.html,MOBA，可以试试，但必须在PC上
2026-05-29,PC,矮人吞山,矮人；挖掘；资源经营；建设,围绕矮人开采、地下建设和资源循环展开的策略经营游戏。,2,观望,可能有资源链和建设循环，但需要看系统深度,https://www.gamer520.com/113877.html,
2026-05-29,PC,拾光旅人 Outbound,露营车；开放世界；采集制作；轻生存,开着可改装露营车在开放世界旅行，通过采集、制作和建造经营自己的移动小家。,3,可试,贴近轻探索、生活感和空间经营；叙事密度可能偏弱,https://www.gamer520.com/113336.html,
2026-05-29,PC,废墟国度：符文之门,奇幻废土；符文；探索；RPG,在废墟化的奇幻国度中探索符文之门，围绕冒险和成长展开。,2,观望,标题和题材有探索感，但信息不足，先低权重收录,https://www.gamer520.com/111803.html,
2026-05-29,PC,风屿奇航,航海；岛屿探索；冒险；资源,以群岛航行为核心，在海上探索、收集资源并推进冒险。,3,可试,若偏航线探索和资源决策会有参考价值；先作为轻探索候选,https://www.gamer520.com/110475.html,
2026-05-29,PC,Million Depth,地下探索；动作冒险；科幻异境,深入未知地下世界探索和战斗，在层层深处寻找真相与资源。,2,观望,题材有异境探索感，但可能偏动作，先观望,https://www.gamer520.com/102123.html,
2026-05-28,PC,传颂之物：循白之证,剧情RPG；战棋；奇幻；系列叙事,以视觉小说式剧情和战棋战斗结合，继续展开系列奇幻世界中的人物旅程。,3,可试,叙事密度高、战斗有策略；系列门槛和日式风格较强,https://www.gamer520.com/114366.html,
2026-05-28,PC,废土履迹,废土；路线探索；生存；资源压力,在废土环境中沿路线前进，处理资源、危机和生存选择。,3,可试,如果有行进路线和生存抉择，会贴近你喜欢的压力结构,https://www.gamer520.com/112935.html,
2026-05-28,PC,荒域奇谭,荒野奇幻；冒险RPG；探索,在荒域世界展开奇幻冒险，通过探索和战斗推进旅程。,2,观望,有冒险感，但暂时缺少强叙事或机制亮点,https://www.gamer520.com/112726.html,
2026-05-28,PC,冒险家商店,商店经营；冒险者；商品供给,经营面向冒险者的商店，通过进货、售卖和需求管理维持生意。,3,可试,适合看经营与冒险生态如何互相驱动,https://www.gamer520.com/112123.html,
2026-05-28,PC,诡岛灵探,灵异调查；岛屿悬疑；推理,在充满怪异传闻的岛屿上调查异常事件，逐步拼出背后的真相。,4,推荐,调查、悬疑和封闭场域比较贴合；值得进一步验证质量,https://www.gamer520.com/111548.html,
2026-05-28,PC,以太与铁,架空1930年代；浮空纽约；noir RPG；载具战斗,进入反重力科技改写的1930年代纽约，组建团队、改装座驾并揭开浮空都市的黑暗秘密。,5,强推研究,和你的黑色城市犯罪项目高度相关，适合研究城市、阶级和叙事RPG结构,https://www.gamer520.com/111139.html,是
2026-05-28,PC,灰烬之国,黑暗奇幻；RPG；荒芜国度,在灰烬笼罩的奇幻国度中冒险，面对衰败世界里的战斗与探索。,2,观望,气氛可能强，但类型可能偏战斗刷图,https://www.gamer520.com/111137.html,
2026-05-28,PC,歧路旅人0,像素JRPG；群像冒险；城镇叙事；回合制,以复古像素和回合制战斗讲述多角色交织的大陆冒险。,3,可试,可看多角色路线和城镇叙事组织；传统JRPG成分重,https://www.gamer520.com/110932.html,
2026-05-28,PC,历史的终结,沙盒RPG；开放路线；历史幻想,在开放式世界中扮演角色，沿着不同路线介入历史终局。,2,观望,标题和沙盒结构有潜力，但需要复核文本与系统质量,https://www.gamer520.com/103573.html,
2026-05-28,PC,终极幸运之塔,爬塔；概率；roguelike；短局策略,围绕运气和风险爬塔，在随机事件与奖励之间做取舍。,2,观望,机制可能有短局策略，但叙事弱,https://www.gamer520.com/82127.html,
2026-05-28,PC,都市：天际线2,城市建设；交通规划；市政管理,从道路、分区、交通和公共服务入手，规划并管理一座现代城市。,2,研究可看,对城市系统有参考，但与叙事冒险方向较远,https://www.gamer520.com/66665.html,
2026-05-27,PC,风信楼,古风经营；情报据点；角色养成；多结局,经营一座风月与情报交织的据点，在人物关系和势力选择中走向不同结局。,4,推荐,经营场所、情报网络、人物关系和多结局都很有参考价值,https://www.gamer520.com/114358.html,
2026-05-27,PC,蛇之凝视 Serpent’s Gaze,黑暗奇幻；神秘学；解谜；恐怖,围绕蛇之凝视展开神秘学气氛浓厚的黑暗冒险与解谜。,3,可试,题材和氛围可能可用，但需复核玩法是否足够叙事化,https://www.gamer520.com/114355.html,
2026-05-27,PC,疫区档案,生存恐怖；回合战术；资源匮乏；死城,在被疫情吞噬的区域中调查和战斗，用有限资源穿过危险现场。,4,推荐,资源压力、箱庭迷宫和回合制恐怖设计很值得研究,https://www.gamer520.com/113498.html,
2026-05-27,PC,地狱黑杰克 Black Jacket,黑杰克；赌场；概率博弈；风险收益,以黑杰克赌局为核心，在地狱式牌桌上用概率和风险换取收益。,3,可试,可作为赌局压力、概率和资源交换的机制参考,https://www.gamer520.com/113455.html,
2026-05-27,PC,真探3,文字推理；质询；证据链；多线悬疑,通过线索收集、证据交叉和质询系统主动推理案件真相。,5,强推研究,非常适合研究侦探游戏的主动推理、线索组织和质询结构,https://www.gamer520.com/113446.html,
2026-05-27,PC,8020号指令,科幻恐怖；电影化叙事；互动冒险,以科幻恐怖为基调，通过电影化互动推进一场危险任务中的生存故事。,3,可试,若偏互动电影和恐怖叙事，值得看节奏设计,https://www.gamer520.com/113293.html,
2026-05-27,PC,异界驿站,驿站经营；异世界来客；地点事件,经营连接异界的驿站，接待各类来客并处理由此引发的事件。,3,可试,地点经营和来客事件可能贴近你做场景节点的思路,https://www.gamer520.com/113004.html,
2026-05-27,PC,九王 9 Kings,王国策略；roguelike构筑；短局,在短局策略框架中组合王国能力，用构筑和运营击败一轮轮挑战。,3,可试,短局策略压力可以研究，但叙事与城市感弱,https://www.gamer520.com/93312.html,
2026-05-27,PC,末日车队,末日生存；车队管理；路线选择；资源,带领末日车队穿越危险地带，在路线、资源和队伍状态之间做艰难选择。,4,推荐,行进式压力、路线和资源管理可能很适合你的结构研究,https://www.gamer520.com/89715.html,
2026-05-27,PC,帕格尼物语,村落经营；幻想岛屿；资源链；联盟,在幻想岛屿上建设村落、组织生产链，并让居民与周边势力协作发展。,3,可试,经营与定居点系统有参考价值；叙事可能较轻,https://www.gamer520.com/67792.html,
2026-05-26,PC,遥远行星：建造师,太空殖民；基地建造；资源生产,在遥远星球上建设基地、组织资源生产并扩展殖民设施。,2,观望,建设循环可看，但题材和叙事方向较远,https://www.gamer520.com/114269.html,
2026-05-26,PC,一日时光：园林与山野,田园生活；园林；休闲探索；自然,在山野与园林之间度过慢节奏的一日，进行轻松的生活与自然探索。,3,可试,贴近轻生活和慢节奏探索；系统深度可能有限,https://www.gamer520.com/114267.html,
2026-05-26,PC,平行人生 Paralives,人生模拟；建造；生活关系,创建角色、设计房屋并模拟日常生活与人际关系。,2,观望,生活模拟可研究，但投入大且叙事目标不强,https://www.gamer520.com/114244.html,
2026-05-26,PC,安尼姆的无尽旅途,暗黑童话；兽人角色；旅途RPG；队伍,带领兽人角色踏上暗黑童话式旅途，在冒险、战斗和成长中前进。,4,推荐,旅途、角色、暗黑氛围和资源压力可能比较合口味,https://www.gamer520.com/114059.html,
2026-05-26,PC,Bus Bound,公交驾驶；城市路线；职业模拟,驾驶公交穿行城市路线，完成站点服务和交通运营任务。,1,不优先,城市日常有参考，但玩法主要是驾驶模拟,https://www.gamer520.com/112707.html,
2026-05-26,PC,心之岛,岛屿生活；建造；关系；休闲模拟,在岛屿上建设家园、结识角色并经营悠闲生活。,3,可试,可以看生活任务与场景经营，但可能偏日课,https://www.gamer520.com/110987.html,
2026-05-26,PC,驯牌师 Decktamer,卡牌构筑；怪物捕捉；roguelike,用卡牌机制捕捉和驱使怪物，在不断变化的战斗中构筑队伍。,3,可试,机制可能新颖，适合看短局构筑；叙事弱,https://www.gamer520.com/102924.html,
2026-05-26,PC,十年不晚 Best Served Cold,叙事悬疑；酒馆；复仇；调查,在酒馆与城市阴影之间收集消息，围绕复仇和悬疑推进故事。,4,推荐,标题和英文名指向犯罪/复仇/酒馆叙事，值得复核,https://www.gamer520.com/92569.html,
2026-05-26,PC,非生物因素,科研设施；异常事件；生存建造；合作,困在异常失控的科研设施中，探索、制造装备并和同伴维持生存。,4,推荐,研究所灾变和设施探索很有场景设计参考价值,https://www.gamer520.com/76143.html,
2026-05-25,PC,摩天法师塔,魔法塔；空间经营；资源管理,建造和管理一座向上延展的法师塔，安排空间、资源和魔法生产。,2,观望,可观察垂直空间经营，但需要复核系统,https://www.gamer520.com/114211.html,
2026-05-25,PC,星际钻探站,太空钻探；资源采集；基地模拟,运营星际钻探设施，围绕采掘、加工和基地扩张建立资源链。,2,观望,资源链可能有用，但叙事和人物弱,https://www.gamer520.com/114209.html,
2026-05-25,PC,黑森町绮谭,日式怪谈；小镇异常；叙事探索,在黑森町调查地方怪谈和异常事件，逐步进入小镇隐藏的故事。,4,推荐,小镇、怪谈、地方性和异常事件很贴近你的场景兴趣,https://www.gamer520.com/114203.html,
2026-05-25,PC,奶茶店大亨,奶茶店；小店经营；饮品制作,经营奶茶店，研发饮品、服务顾客并扩大店铺收益。,2,观望,可研究小店循环，但可能过轻、过公式化,https://www.gamer520.com/114201.html,
2026-05-25,PC,威赫战线 MENACE,科幻战术；小队管理；任务计划,指挥一支边境小队完成科幻战术任务，在人员、装备和计划之间做取舍。,3,可试,小队与任务计划有研究价值；题材偏军事科幻,https://www.gamer520.com/106813.html,
2026-05-25,PC,恶魔学校 Demonschool,战术RPG；校园日程；恶魔；关系,在校园日程和恶魔战斗之间分配时间，和同伴完成任务并揭开异常。,5,强推研究,日程、关系、支线和战术战斗结合得很适合机制研究,https://www.gamer520.com/102487.html,
2026-05-24,PC,迷雾计划,迷雾；悬疑；生存/策略,围绕迷雾中的未知威胁展开探索、应对和生存抉择。,2,观望,主题有悬疑感，但需要进一步复核类型和质量,https://www.gamer520.com/114188.html,
2026-05-24,PC,几度相逢若初见,情感叙事；视觉小说；重逢,以重逢和情感关系为核心展开一段视觉小说式叙事。,2,观望,可能是短篇情感体验，但需确认文本质量,https://www.gamer520.com/114179.html,
2026-05-24,PC,黑暗中的火花,黑暗幻想；探索；动作RPG,在黑暗幻想世界中追寻微弱火光，进行探索与战斗。,2,观望,有氛围但类型未明，先低权重收录,https://www.gamer520.com/111565.html,
2026-05-24,PC,西部牛仔的一生,西部生活；边境；角色成长；模拟,扮演西部牛仔，在边境世界中经历生计、冒险和成长。,3,可试,西部边境秩序和角色生活可作题材参考,https://www.gamer520.com/102807.html,
2026-05-24,PC,指环王：夏尔传说,夏尔生活；做饭；装饰；关系；轻探索,在夏尔过霍比特式田园生活，通过料理、装饰、探索和社交融入村庄。,3,可试,田园生活氛围贴轻体验，但可能日课重复,https://www.gamer520.com/96959.html,
2026-05-24,PC,皇帝与社稷,古代治理；朝政；民生；策略模拟,扮演古代君主处理朝政、财政、民生和权力平衡。,4,推荐研究,适合研究统治、财政、民生、压榨与权力系统,https://www.gamer520.com/79965.html,
2026-05-23,PC,诺兰德,贵族家族；殖民地管理；关系；权力斗争,管理中世纪贵族家族和殖民地，在人物欲望、资源和政治斗争之间求生。,4,推荐研究,家族、阶层、权力和资源管理对城市权贵系统有参考价值,https://www.gamer520.com/114120.html,
2026-05-23,PC,深海迷航2,深海探索；生存建造；环境叙事,潜入陌生深海生态，采集资源、建造设备并探索海底秘密。,3,可试,探索氛围强，但偏生存建造，不是核心叙事口味,https://www.gamer520.com/113387.html,
2026-05-23,PC,最后的加油站,加油站经营；公路；夜间事件；轻恐怖,经营偏僻加油站，在日常服务、店铺运营和夜间异象之间维持生意。,4,推荐,小地点经营、过路人和夜间禁忌很适合场景设计参考,https://www.gamer520.com/112593.html,
2026-05-23,PC,四海兄弟：故乡,黑帮犯罪；电影化叙事；家族；暴力,回到黑帮家族与故乡的犯罪世界，在忠诚、暴力和命运之间推进故事。,4,推荐研究,适合研究犯罪叙事、权力结构和电影化场面,https://www.gamer520.com/109576.html,
2026-05-23,PC,Dice A Million,骰子；概率；策略；短局,围绕骰子结果和概率规划行动，在短局中滚动风险和收益。,3,可试,与你研究骰子、clock和风险分配相关,https://www.gamer520.com/109523.html,
2026-05-23,PC,阿兹特克：最后的太阳,阿兹特克；城市建设；祭祀；末日压力,建设阿兹特克城市，在资源、祭祀和末日危机之间维持文明。,3,可试,统治、资源和仪式压力可作系统参考,https://www.gamer520.com/99882.html,
2026-05-23,PC,夜不能魅 Midnight Special,夜间恐怖；短篇悬疑；探索,在午夜特殊事件中探索异常现场，经历一段短篇恐怖悬疑。,3,可试,夜间场景和短篇恐怖可能适合氛围参考,https://www.gamer520.com/92660.html,
2026-05-23,PC,拓荒商客 Saleblazers,商店经营；开放世界；生存冒险,在开放世界中边冒险边开店，通过战斗、采集和销售维持商业扩张。,3,可试,赚钱、经营和冒险混合结构值得看,https://www.gamer520.com/80895.html,
2026-05-23,PC,污痕圣杯：阿瓦隆的陨落,黑暗奇幻；开放世界RPG；阿瓦隆,在被污染的阿瓦隆世界中冒险，通过探索、战斗和选择寻找出路。,3,可试,气氛强，但题材距离城市犯罪较远,https://www.gamer520.com/65873.html,
2026-05-23,PC,最远的边陲,城镇建设；中世纪；资源压力；防御,从荒地建立边陲城镇，管理粮食、疾病、防御和居民生计。,4,推荐研究,资源、民生、灾害和城镇压力很适合系统参考,https://www.gamer520.com/39759.html,
2026-05-23,PC,战争传说 Wartales,佣兵团；开放世界；战术RPG；资源,带领佣兵团在开放世界接任务、养队伍并处理粮食、金钱和战斗风险。,4,推荐研究,队伍、路线、资源和任务压力组合很适合机制参考,https://www.gamer520.com/25992.html,
2026-05-22,PC,月之深渊,深渊探索；黑暗幻想；动作冒险,向月下深渊进发，在黑暗幻想场景中探索和战斗。,2,观望,氛围可能可看，但信息不足,https://www.gamer520.com/114035.html,
2026-05-22,PC,归零巡礼：亡谍镇魂曲,谍战悬疑；科幻；动作RPG,围绕亡谍与归零巡礼展开带科幻色彩的悬疑冒险。,2,观望,标题有悬疑和谍战感，但需复核玩法是否偏战斗,https://www.gamer520.com/114029.html,
2026-05-22,PC,REPLACED,架空80年代；赛博noir；2.5D动作；电影感,在架空80年代城市中扮演困于人类身体的AI，穿过赛博-noir式阴影世界。,4,推荐看视觉,玩法偏动作，但视觉、城市氛围和身份主题值得参考,https://www.gamer520.com/111771.html,
2026-05-22,PC,终落之城,末日城市；殖民模拟；资源；政治抉择,在末日海上城市中建设殖民地，处理资源短缺、派系关系和艰难抉择。,4,推荐研究,城市建造、资源、派系和艰难抉择都很适合系统参考,https://www.gamer520.com/111401.html,
2026-05-22,PC,最后的星舰 The Last Starship,星舰建造；船员管理；太空生存,设计和运营星舰，管理船员、资源和太空任务中的生存问题。,3,可试,资源与船员系统有参考价值；题材偏科幻管理,https://www.gamer520.com/106261.html,
2026-05-22,PC,轮回保险公司 R.I.P.,死亡保险；轮回；经营/叙事,以死亡、保险和轮回为概念，处理一间特殊公司的业务与命运问题。,3,可试,概念有意思，可能适合研究死亡与合同机制,https://www.gamer520.com/105622.html,
2026-05-22,PC,魔法门之英雄无敌：上古纪元,回合策略；地图探索；资源；英雄培养,带领英雄探索地图、夺取资源、建设城镇并进行回合制战斗。,3,可试,地图探索、资源和战斗结构可研究,https://www.gamer520.com/100598.html,
2026-05-22,PC,小猫咪大城市,猫咪扮演；城市探索；轻松冒险,扮演走失小猫在大城市中闲逛、捣乱、结识动物并寻找回家的路。,3,可试,轻松城市探索和空间互动适合轻体验参考,https://www.gamer520.com/76403.html,
2026-05-22,PC,房产达人2,房屋翻修；装修；空间改造；模拟,接手旧房、拆改装修并通过空间设计完成翻新订单。,2,观望,空间改造可参考，但不是叙事/策略主线,https://www.gamer520.com/69397.html,
2026-05-22,PC,凶影疑云 Shadows of Doubt,侦探沙盒；程序城市；私家调查；连环杀手,在程序生成的黑色城市中接委托、搜证、跟踪嫌疑人并追查连环杀手。,5,强推研究,和你的noir城市侦探项目最直接相关；城市、线索、委托都值得拆解,https://www.gamer520.com/56784.html,"否, 完全是对话 选择"
2026-05-22,PC,极乐迪斯科：最终剪辑版,侦探RPG；城市街区；对话；政治人格,在破败城区调查凶案，通过技能、对话和自我撕扯理解城市与案件。,5,必看级,你的noir侦探项目基础参考之一，但不是新作,https://www.gamer520.com/33921.html,
2026-05-22,PC,骑马与砍杀2：霸主,中世纪沙盒；战争；势力经营；角色成长,从无名角色起步，在中世纪沙盒中经商、征战、结盟并建立势力。,3,研究可看,大沙盒系统有参考，但投入大、叙事目标松散,https://www.gamer520.com/9348.html,
